<?xml version = '1.0' encoding = 'UTF-8'?>
<Relation class="oracle.dbtools.crest.model.design.logical.InheritanceRelation" name="Hierarchy_1" directorySegmentName="seg_0" id="3AFC99A3-003F-0C1A-7E9D-E10E7DA1D189">
<createdBy>mathe</createdBy>
<createdTime>2020-04-03 23:03:48 UTC</createdTime>
<ownerDesignName>Modelo Conceitual</ownerDesignName>
<engineerTo>
<item key="7CA36C67-07A7-A0B9-1D3A-4FA04936570D" value="true"/>
</engineerTo>
<identifying>false</identifying>
<nameOnSource>Super Type</nameOnSource>
<nameOnTarget>Sub Type</nameOnTarget>
<optionalSource>true</optionalSource>
<optionalTarget>true</optionalTarget>
<sourceEntity>E4841057-CE4E-8E40-DDFA-3F8B3ABCC968</sourceEntity>
<targetEntity>47CDB70B-FB03-4B2B-00ED-06002751FE5B</targetEntity>
<transferable>true</transferable>
<deleteRule>NO ACTION</deleteRule>
</Relation>