<?xml version = '1.0' encoding = 'UTF-8'?>
<Diagram class="oracle.dbtools.crest.swingui.relational.DPVRelational" name="Relational_1" id="1A193AB3-7C87-F408-FEB8-3EB9AF9E8858">
<createdBy>mathe</createdBy>
<modifiedBy>mathe</modifiedBy>
<createdTime>2020-04-03 22:47:34 UTC</createdTime>
<autoRoute>false</autoRoute>
<boxInbox>true</boxInbox>
<showLegend>false</showLegend>
<showLabels>false</showLabels>
<showRelAttributes>false</showRelAttributes>
<gridEnabled>false</gridEnabled>
<showGrid>false</showGrid>
<diagramColor>-1</diagramColor>
<display>false</display>
<notation>1</notation>
<objectViews>
<OView class="oracle.dbtools.crest.swingui.relational.TVTable" oid="0B34BA47-EFA3-1F71-8CCC-CAA5A76C4D48" otype="Table" vid="54116A8E-8862-8122-9DA9-52506170EB47">
<hideElementsInCurrentOnly>false</hideElementsInCurrentOnly>
<bounds x="974" y="495" width="255" height="172"/>
</OView>
<OView class="oracle.dbtools.crest.swingui.relational.TVTable" oid="0BCEF720-51A5-783E-5EEB-BE998D046444" otype="Table" vid="497FD294-BB51-4B2C-A596-7499663D10D3">
<hideElementsInCurrentOnly>false</hideElementsInCurrentOnly>
<bounds x="346" y="272" width="252" height="138"/>
</OView>
<OView class="oracle.dbtools.crest.swingui.relational.TVTable" oid="1BEBCE55-783A-EEA6-A168-7469089095B9" otype="Table" vid="AD2C5E38-748F-26DF-2481-83014753711D">
<hideElementsInCurrentOnly>false</hideElementsInCurrentOnly>
<bounds x="103" y="487" width="304" height="179"/>
</OView>
<OView class="oracle.dbtools.crest.swingui.relational.TVTable" oid="3FE1CC9E-6805-622B-FAAF-8670F3BF0156" otype="Table" vid="A7E3F312-F748-EBE7-AB6A-46E90019B544">
<hideElementsInCurrentOnly>false</hideElementsInCurrentOnly>
<bounds x="272" y="12" width="204" height="164"/>
</OView>
<OView class="oracle.dbtools.crest.swingui.relational.TVTable" oid="4BFC42CA-067D-469C-C28B-17828F2F04D3" otype="Table" vid="3048554A-3A35-24FE-6E2D-1D7CE074C6AC">
<hideElementsInCurrentOnly>false</hideElementsInCurrentOnly>
<bounds x="552" y="504" width="272" height="161"/>
</OView>
<OView class="oracle.dbtools.crest.swingui.relational.TVTable" oid="5B60481C-396E-83D5-DD49-23A374B3371D" otype="Table" vid="1CC6A028-07AE-D095-375F-4429FE2D4716">
<hideElementsInCurrentOnly>false</hideElementsInCurrentOnly>
<bounds x="21" y="34" width="169" height="135"/>
</OView>
<OView class="oracle.dbtools.crest.swingui.relational.TVTable" oid="789EF2AB-9259-9745-E013-3FDF15F794DF" otype="Table" vid="5ADDC7C2-883B-A1E6-9910-047E24388749">
<hideElementsInCurrentOnly>false</hideElementsInCurrentOnly>
<bounds x="98" y="271" width="199" height="137"/>
</OView>
<OView class="oracle.dbtools.crest.swingui.relational.TVTable" oid="B241EF74-D981-5095-3E87-350E851CFFA5" otype="Table" vid="157BD8DE-D0A9-4966-67FD-4CBF80C4BAE9">
<hideElementsInCurrentOnly>false</hideElementsInCurrentOnly>
<bounds x="729" y="255" width="274" height="164"/>
</OView>
<OView class="oracle.dbtools.crest.swingui.relational.TVTable" oid="D10B2177-6287-0E38-BF80-0D0E72477F4A" otype="Table" vid="C65CFE32-1A46-FB0B-0519-BCA869C231E8">
<hideElementsInCurrentOnly>false</hideElementsInCurrentOnly>
<bounds x="748" y="54" width="203" height="131"/>
</OView>
<OView class="oracle.dbtools.crest.swingui.relational.TVTable" oid="F55DAA9F-20D4-1572-F7DE-B61C50DB9185" otype="Table" vid="BEB7237E-C48B-9508-96A3-19A4CFF06042">
<hideElementsInCurrentOnly>false</hideElementsInCurrentOnly>
<bounds x="1083" y="54" width="217" height="140"/>
</OView>
</objectViews>
<connectors>
<Connector class="oracle.dbtools.crest.swingui.relational.TVFKRelation" oid="0397DE65-6FF9-C3CF-6663-3619B85DE73B" otype="FKIndexAssociation" vid_source="157BD8DE-D0A9-4966-67FD-4CBF80C4BAE9" vid_target="C65CFE32-1A46-FB0B-0519-BCA869C231E8">
<hideElementsInCurrentOnly>false</hideElementsInCurrentOnly>
<backgroundColor>-16777216</backgroundColor>
<lineWidth>1</lineWidth>
<points>
<point x="849" y="255"/>
<point x="849" y="185"/>
</points>
</Connector>
<Connector class="oracle.dbtools.crest.swingui.relational.TVFKRelation" oid="0F44F78F-5D11-E2DE-F3B5-9A3BB3CACB53" otype="FKIndexAssociation" vid_source="A7E3F312-F748-EBE7-AB6A-46E90019B544" vid_target="497FD294-BB51-4B2C-A596-7499663D10D3">
<hideElementsInCurrentOnly>false</hideElementsInCurrentOnly>
<backgroundColor>-16777216</backgroundColor>
<lineWidth>1</lineWidth>
<points>
<point x="411" y="176"/>
<point x="411" y="272"/>
</points>
</Connector>
<Connector class="oracle.dbtools.crest.swingui.relational.TVFKRelation" oid="28D1B3F4-C76F-6BA5-D19E-1A1BB2916686" otype="FKIndexAssociation" vid_source="3048554A-3A35-24FE-6E2D-1D7CE074C6AC" vid_target="54116A8E-8862-8122-9DA9-52506170EB47">
<hideElementsInCurrentOnly>false</hideElementsInCurrentOnly>
<backgroundColor>-16777216</backgroundColor>
<lineWidth>1</lineWidth>
<points>
<point x="824" y="584"/>
<point x="974" y="584"/>
</points>
</Connector>
<Connector class="oracle.dbtools.crest.swingui.relational.TVFKRelation" oid="33C1AB28-0374-5B49-7B3F-232DDB19C669" otype="FKIndexAssociation" vid_source="3048554A-3A35-24FE-6E2D-1D7CE074C6AC" vid_target="157BD8DE-D0A9-4966-67FD-4CBF80C4BAE9">
<hideElementsInCurrentOnly>false</hideElementsInCurrentOnly>
<backgroundColor>-16777216</backgroundColor>
<lineWidth>1</lineWidth>
<points>
<point x="776" y="504"/>
<point x="776" y="419"/>
</points>
</Connector>
<Connector class="oracle.dbtools.crest.swingui.relational.TVFKRelation" oid="3E4E7E08-13F3-0DD4-97A8-F03666B64F41" otype="FKIndexAssociation" vid_source="5ADDC7C2-883B-A1E6-9910-047E24388749" vid_target="AD2C5E38-748F-26DF-2481-83014753711D">
<hideElementsInCurrentOnly>false</hideElementsInCurrentOnly>
<backgroundColor>-16777216</backgroundColor>
<lineWidth>1</lineWidth>
<points>
<point x="200" y="408"/>
<point x="200" y="487"/>
</points>
</Connector>
<Connector class="oracle.dbtools.crest.swingui.relational.TVFKRelation" oid="56A3B724-032D-7F0E-930E-5875F7F4C533" otype="FKIndexAssociation" vid_source="3048554A-3A35-24FE-6E2D-1D7CE074C6AC" vid_target="AD2C5E38-748F-26DF-2481-83014753711D">
<hideElementsInCurrentOnly>false</hideElementsInCurrentOnly>
<backgroundColor>-16777216</backgroundColor>
<lineWidth>1</lineWidth>
<points>
<point x="552" y="554"/>
<point x="407" y="554"/>
</points>
</Connector>
<Connector class="oracle.dbtools.crest.swingui.relational.TVFKRelation" oid="881797DE-CD8F-A80A-D7FE-7CD8BFBADAFC" otype="FKIndexAssociation" vid_source="497FD294-BB51-4B2C-A596-7499663D10D3" vid_target="157BD8DE-D0A9-4966-67FD-4CBF80C4BAE9">
<hideElementsInCurrentOnly>false</hideElementsInCurrentOnly>
<backgroundColor>-16777216</backgroundColor>
<lineWidth>1</lineWidth>
<points>
<point x="598" y="341"/>
<point x="729" y="341"/>
</points>
</Connector>
<Connector class="oracle.dbtools.crest.swingui.relational.TVFKRelation" oid="964F532F-43BC-060B-CCCA-36CCCB508703" otype="FKIndexAssociation" vid_source="A7E3F312-F748-EBE7-AB6A-46E90019B544" vid_target="5ADDC7C2-883B-A1E6-9910-047E24388749">
<hideElementsInCurrentOnly>false</hideElementsInCurrentOnly>
<backgroundColor>-16777216</backgroundColor>
<lineWidth>1</lineWidth>
<points>
<point x="284" y="176"/>
<point x="284" y="271"/>
</points>
</Connector>
<Connector class="oracle.dbtools.crest.swingui.relational.TVFKRelation" oid="C8EC1EFC-56CB-D08D-9B58-C65B2B829BB6" otype="FKIndexAssociation" vid_source="BEB7237E-C48B-9508-96A3-19A4CFF06042" vid_target="C65CFE32-1A46-FB0B-0519-BCA869C231E8">
<hideElementsInCurrentOnly>false</hideElementsInCurrentOnly>
<backgroundColor>-16777216</backgroundColor>
<lineWidth>1</lineWidth>
<points>
<point x="1083" y="119"/>
<point x="951" y="119"/>
</points>
</Connector>
<Connector class="oracle.dbtools.crest.swingui.relational.TVFKRelation" oid="F65639C0-5B73-AEA0-B2E8-03A768A2F8D4" otype="FKIndexAssociation" vid_source="1CC6A028-07AE-D095-375F-4429FE2D4716" vid_target="A7E3F312-F748-EBE7-AB6A-46E90019B544">
<hideElementsInCurrentOnly>false</hideElementsInCurrentOnly>
<backgroundColor>-16777216</backgroundColor>
<lineWidth>1</lineWidth>
<points>
<point x="190" y="101"/>
<point x="272" y="101"/>
</points>
</Connector>
</connectors>
</Diagram>