<?xml version = '1.0' encoding = 'UTF-8'?>
<Diagram class="oracle.dbtools.crest.swingui.logical.DPVLogical" name="Logical" id="7A5E430C-F111-6113-104D-CCAB9A75FB31">
<createdBy>mathe</createdBy>
<modifiedBy>mathe</modifiedBy>
<createdTime>2020-04-03 22:48:07 UTC</createdTime>
<autoRoute>false</autoRoute>
<boxInbox>true</boxInbox>
<showLegend>false</showLegend>
<showLabels>false</showLabels>
<showRelAttributes>false</showRelAttributes>
<gridEnabled>false</gridEnabled>
<showGrid>false</showGrid>
<diagramColor>-1</diagramColor>
<display>false</display>
<notation>1</notation>
<objectViews>
<OView class="oracle.dbtools.crest.swingui.logical.TVEntity" oid="1B512D6C-7223-7435-3769-5C8A6CFC67D0" otype="Entity" vid="99671650-1E8D-E7B0-CBC6-C6BAB672F9BF">
<hideElementsInCurrentOnly>false</hideElementsInCurrentOnly>
<bounds x="182" y="245" width="124" height="128"/>
</OView>
<OView class="oracle.dbtools.crest.swingui.logical.TVEntity" oid="3C041F7F-903F-D840-254A-FE0898A41974" otype="Entity" vid="CAB15894-C937-9693-4E32-DF3D5B0B5576">
<hideElementsInCurrentOnly>false</hideElementsInCurrentOnly>
<bounds x="371" y="282" width="135" height="102"/>
</OView>
<OView class="oracle.dbtools.crest.swingui.logical.TVEntity" oid="47CDB70B-FB03-4B2B-00ED-06002751FE5B" otype="Entity" vid="4BE6C822-875E-D45E-A4CF-2C154A4447D4">
<hideElementsInCurrentOnly>false</hideElementsInCurrentOnly>
<bounds x="271" y="159" width="104" height="43"/>
</OView>
<OView class="oracle.dbtools.crest.swingui.logical.TVEntity" oid="8E414212-0541-0CD7-72C5-106FF2A699D4" otype="Entity" vid="09263453-C1C9-7C97-F0D4-F7F15CF336A3">
<hideElementsInCurrentOnly>false</hideElementsInCurrentOnly>
<bounds x="279" y="94" width="95" height="51"/>
</OView>
<OView class="oracle.dbtools.crest.swingui.logical.TVEntity" oid="90CB40E7-9224-1523-28E3-F13B50C24D67" otype="Entity" vid="FAC7C6F1-655F-8BB4-1B43-E2FFBD6F6B04">
<hideElementsInCurrentOnly>false</hideElementsInCurrentOnly>
<bounds x="691" y="97" width="128" height="37"/>
</OView>
<OView class="oracle.dbtools.crest.swingui.logical.TVEntity" oid="94B69D94-D1B3-7AAB-170F-87DEC6E2907D" otype="Entity" vid="D6A0AA27-81C8-8C80-85CD-90D4BC1E8384">
<hideElementsInCurrentOnly>false</hideElementsInCurrentOnly>
<bounds x="611" y="203" width="131" height="88"/>
</OView>
<OView class="oracle.dbtools.crest.swingui.logical.TVEntity" oid="BA56A449-60ED-6D9E-EB55-CDDB5021B00A" otype="Entity" vid="62B6C191-2B34-DCE3-A88D-BB1AB52D01C7">
<hideElementsInCurrentOnly>false</hideElementsInCurrentOnly>
<bounds x="445" y="21" width="153" height="92"/>
</OView>
<OView class="oracle.dbtools.crest.swingui.logical.TVEntity" oid="D3F5EC01-3020-2AFC-EBC6-937DEAD93A89" otype="Entity" vid="9A727FB3-7D93-B67D-1ABF-97756FC8C319">
<hideElementsInCurrentOnly>false</hideElementsInCurrentOnly>
<bounds x="666" y="65" width="170" height="110"/>
</OView>
<OView class="oracle.dbtools.crest.swingui.logical.TVEntity" oid="E4841057-CE4E-8E40-DDFA-3F8B3ABCC968" otype="Entity" vid="3A2DD55F-D258-E035-D6CF-6B2FC194796D">
<hideElementsInCurrentOnly>false</hideElementsInCurrentOnly>
<bounds x="252" y="30" width="139" height="186"/>
</OView>
<OView class="oracle.dbtools.crest.swingui.logical.TVEntity" oid="EAC207C8-A128-B98C-3DE9-082D3085124D" otype="Entity" vid="3A953467-B87B-5DFC-6A03-6B55DC663593">
<hideElementsInCurrentOnly>false</hideElementsInCurrentOnly>
<bounds x="276" y="90" width="103" height="55"/>
</OView>
</objectViews>
<connectors>
<Connector class="oracle.dbtools.crest.swingui.logical.TVRelation" oid="1A1D92D5-7DE2-8B6A-7B40-D5BE33AD5AFB" otype="Relation" vid_source="3A953467-B87B-5DFC-6A03-6B55DC663593" vid_target="D6A0AA27-81C8-8C80-85CD-90D4BC1E8384">
<hideElementsInCurrentOnly>false</hideElementsInCurrentOnly>
<backgroundColor>-16777216</backgroundColor>
<lineWidth>1</lineWidth>
<points>
<point x="379" y="136"/>
<point x="611" y="222"/>
</points>
</Connector>
<Connector class="oracle.dbtools.crest.swingui.logical.TVInheritanceRelation" oid="3AFC99A3-003F-0C1A-7E9D-E10E7DA1D189" otype="Hierarchy relation" vid_source="3A2DD55F-D258-E035-D6CF-6B2FC194796D" vid_target="4BE6C822-875E-D45E-A4CF-2C154A4447D4">
<hideElementsInCurrentOnly>false</hideElementsInCurrentOnly>
<backgroundColor>-65536</backgroundColor>
<lineWidth>1</lineWidth>
</Connector>
<Connector class="oracle.dbtools.crest.swingui.logical.TVRelation" oid="5BB218DE-1D53-84F7-6E0B-D24741A1EAEB" otype="Relation" vid_source="D6A0AA27-81C8-8C80-85CD-90D4BC1E8384" vid_target="CAB15894-C937-9693-4E32-DF3D5B0B5576">
<hideElementsInCurrentOnly>false</hideElementsInCurrentOnly>
<backgroundColor>-16777216</backgroundColor>
<lineWidth>1</lineWidth>
<points>
<point x="611" y="286"/>
<point x="506" y="286"/>
</points>
</Connector>
<Connector class="oracle.dbtools.crest.swingui.logical.TVRelation" oid="7FD28AC6-23D4-39A9-453A-2E0B05C51378" otype="Relation" vid_source="62B6C191-2B34-DCE3-A88D-BB1AB52D01C7" vid_target="9A727FB3-7D93-B67D-1ABF-97756FC8C319">
<hideElementsInCurrentOnly>false</hideElementsInCurrentOnly>
<backgroundColor>-16777216</backgroundColor>
<lineWidth>1</lineWidth>
<points>
<point x="598" y="89"/>
<point x="666" y="89"/>
</points>
</Connector>
<Connector class="oracle.dbtools.crest.swingui.logical.TVRelation" oid="914210BC-2AB8-51F7-DBFB-FB2F8849B8E9" otype="Relation" vid_source="4BE6C822-875E-D45E-A4CF-2C154A4447D4" vid_target="99671650-1E8D-E7B0-CBC6-C6BAB672F9BF">
<hideElementsInCurrentOnly>false</hideElementsInCurrentOnly>
<backgroundColor>-16777216</backgroundColor>
<lineWidth>1</lineWidth>
<points>
<point x="273" y="202"/>
<point x="273" y="245"/>
</points>
</Connector>
<Connector class="oracle.dbtools.crest.swingui.logical.TVRelation" oid="E5F786A4-990A-6687-3A39-9A6273AE9AA3" otype="Relation" vid_source="CAB15894-C937-9693-4E32-DF3D5B0B5576" vid_target="99671650-1E8D-E7B0-CBC6-C6BAB672F9BF">
<hideElementsInCurrentOnly>false</hideElementsInCurrentOnly>
<backgroundColor>-16777216</backgroundColor>
<lineWidth>1</lineWidth>
<points>
<point x="371" y="327"/>
<point x="306" y="327"/>
</points>
</Connector>
<Connector class="oracle.dbtools.crest.swingui.logical.TVRelation" oid="E79A88E3-10BF-0EAF-4AC2-8991763CE983" otype="Relation" vid_source="3A2DD55F-D258-E035-D6CF-6B2FC194796D" vid_target="62B6C191-2B34-DCE3-A88D-BB1AB52D01C7">
<hideElementsInCurrentOnly>false</hideElementsInCurrentOnly>
<backgroundColor>-16777216</backgroundColor>
<lineWidth>1</lineWidth>
<points>
<point x="391" y="71"/>
<point x="445" y="71"/>
</points>
</Connector>
</connectors>
</Diagram>