<?xml version = '1.0' encoding = 'UTF-8'?>
<InheritanceRelation class="oracle.dbtools.crest.model.design.logical.InheritanceRelation" name="Hierarchy_2" directorySegmentName="seg_0" id="C41A71C7-D19F-5452-33B1-7EF3907F24EF">
<createdBy>mathe</createdBy>
<createdTime>2020-05-06 01:43:24 UTC</createdTime>
<ownerDesignName>Modelo Logico</ownerDesignName>
<engineerTo>
<item key="7CA36C67-07A7-A0B9-1D3A-4FA04936570D" value="true"/>
</engineerTo>
<identifying>false</identifying>
<nameOnSource>Super Type</nameOnSource>
<nameOnTarget>Sub Type</nameOnTarget>
<optionalSource>true</optionalSource>
<optionalTarget>true</optionalTarget>
<sourceEntity>E4841057-CE4E-8E40-DDFA-3F8B3ABCC968</sourceEntity>
<targetEntity>EAC207C8-A128-B98C-3DE9-082D3085124D</targetEntity>
<transferable>true</transferable>
<deleteRule>NO ACTION</deleteRule>
</InheritanceRelation>