<?xml version = '1.0' encoding = 'UTF-8'?>
<Relation class="oracle.dbtools.crest.model.design.logical.Relation" name="Relation_11" directorySegmentName="seg_0" id="1A1D92D5-7DE2-8B6A-7B40-D5BE33AD5AFB">
<createdBy>mathe</createdBy>
<createdTime>2020-04-03 23:11:54 UTC</createdTime>
<ownerDesignName>Modelo Logico</ownerDesignName>
<engineerTo>
<item key="7CA36C67-07A7-A0B9-1D3A-4FA04936570D" value="true"/>
</engineerTo>
<identifying>true</identifying>
<optionalSource>true</optionalSource>
<optionalTarget>false</optionalTarget>
<sourceCardinality>1</sourceCardinality>
<sourceEntity>EAC207C8-A128-B98C-3DE9-082D3085124D</sourceEntity>
<targetCardinalityString>*</targetCardinalityString>
<targetEntity>94B69D94-D1B3-7AAB-170F-87DEC6E2907D</targetEntity>
<transferable>true</transferable>
<deleteRule>NO ACTION</deleteRule>
</Relation>