<?xml version = '1.0' encoding = 'UTF-8'?>
<Relation class="oracle.dbtools.crest.model.design.logical.Relation" name="Relation_10" directorySegmentName="seg_0" id="914210BC-2AB8-51F7-DBFB-FB2F8849B8E9">
<createdBy>mathe</createdBy>
<createdTime>2020-04-03 23:07:23 UTC</createdTime>
<ownerDesignName>Modelo Logico</ownerDesignName>
<engineerTo>
<item key="7CA36C67-07A7-A0B9-1D3A-4FA04936570D" value="true"/>
</engineerTo>
<identifying>true</identifying>
<optionalSource>true</optionalSource>
<optionalTarget>false</optionalTarget>
<sourceCardinality>1</sourceCardinality>
<sourceEntity>47CDB70B-FB03-4B2B-00ED-06002751FE5B</sourceEntity>
<targetCardinalityString>*</targetCardinalityString>
<targetEntity>1B512D6C-7223-7435-3769-5C8A6CFC67D0</targetEntity>
<transferable>true</transferable>
<deleteRule>NO ACTION</deleteRule>
</Relation>