<?xml version = '1.0' encoding = 'UTF-8'?>
<Relation class="oracle.dbtools.crest.model.design.logical.Relation" name="Relation_9" directorySegmentName="seg_0" id="E5F786A4-990A-6687-3A39-9A6273AE9AA3">
<createdBy>mathe</createdBy>
<createdTime>2020-04-03 23:06:37 UTC</createdTime>
<ownerDesignName>Modelo Logico</ownerDesignName>
<engineerTo>
<item key="7CA36C67-07A7-A0B9-1D3A-4FA04936570D" value="true"/>
</engineerTo>
<sourcePk>18064BEB-756C-83FC-15BA-7189F82746AC</sourcePk>
<identifying>true</identifying>
<optionalSource>true</optionalSource>
<optionalTarget>false</optionalTarget>
<sourceCardinality>1</sourceCardinality>
<sourceEntity>3C041F7F-903F-D840-254A-FE0898A41974</sourceEntity>
<targetCardinalityString>*</targetCardinalityString>
<targetEntity>1B512D6C-7223-7435-3769-5C8A6CFC67D0</targetEntity>
<transferable>true</transferable>
<deleteRule>NO ACTION</deleteRule>
</Relation>