<?xml version = '1.0' encoding = 'UTF-8'?>
<FKIndexAssociation class="oracle.dbtools.crest.model.design.relational.FKIndexAssociation" directorySegmentName="seg_0" id="0397DE65-6FF9-C3CF-6663-3619B85DE73B" containerWithKeyObject="D10B2177-6287-0E38-BF80-0D0E72477F4A" localFKIndex="8464A158-F3F3-1B6F-9E0D-6C13A52787CC" name="item_Venda_FK">
<createdBy>Caio</createdBy>
<createdTime>2020-05-28 22:49:24 UTC</createdTime>
<ownerDesignName>modelo relacional</ownerDesignName>
<referredTableLongName>Venda</referredTableLongName>
<deleteRule>NO ACTION</deleteRule>
<referredTableID>B241EF74-D981-5095-3E87-350E851CFFA5</referredTableID>
<keyObject>8BFBBF07-1682-B17D-4B5B-756670ED31D3</keyObject>
<referredKeyID>8BFBBF07-1682-B17D-4B5B-756670ED31D3</referredKeyID>
<mandatory>true</mandatory>
<refColNames>id</refColNames>
<transferable>true</transferable>
<rely>false</rely>
<columnDependencyConstraintGenerateInDDL>true</columnDependencyConstraintGenerateInDDL>
</FKIndexAssociation>