<?xml version = '1.0' encoding = 'UTF-8'?>
<FKIndexAssociation class="oracle.dbtools.crest.model.design.relational.FKIndexAssociation" directorySegmentName="seg_0" id="0F44F78F-5D11-E2DE-F3B5-9A3BB3CACB53" containerWithKeyObject="0BCEF720-51A5-783E-5EEB-BE998D046444" localFKIndex="BFB0DD0B-F5A1-1313-5D6B-D551A8CA98C4" name="Vendedor_Funcionario_FK">
<createdBy>Caio</createdBy>
<createdTime>2020-05-28 22:41:11 UTC</createdTime>
<ownerDesignName>modelo relacional</ownerDesignName>
<referredTableLongName>Funcionario</referredTableLongName>
<deleteRule>NO ACTION</deleteRule>
<referredTableID>3FE1CC9E-6805-622B-FAAF-8670F3BF0156</referredTableID>
<keyObject>9E0FC7F6-6959-5FB9-A584-BC7BDC810B02</keyObject>
<referredKeyID>9E0FC7F6-6959-5FB9-A584-BC7BDC810B02</referredKeyID>
<mandatory>true</mandatory>
<refColNames>id</refColNames>
<transferable>true</transferable>
<rely>false</rely>
<columnDependencyConstraintGenerateInDDL>true</columnDependencyConstraintGenerateInDDL>
</FKIndexAssociation>