<?xml version = '1.0' encoding = 'UTF-8'?>
<FKIndexAssociation class="oracle.dbtools.crest.model.design.relational.FKIndexAssociation" directorySegmentName="seg_0" id="28D1B3F4-C76F-6BA5-D19E-1A1BB2916686" containerWithKeyObject="0B34BA47-EFA3-1F71-8CCC-CAA5A76C4D48" localFKIndex="1C3DA39C-0725-BDBA-DD85-42F757955E10" name="endereco_Cliente_FK">
<createdBy>Caio</createdBy>
<createdTime>2020-05-28 22:49:42 UTC</createdTime>
<ownerDesignName>modelo relacional</ownerDesignName>
<referredTableLongName>Cliente</referredTableLongName>
<deleteRule>NO ACTION</deleteRule>
<referredTableID>4BFC42CA-067D-469C-C28B-17828F2F04D3</referredTableID>
<keyObject>7A8DABF9-0936-6548-B3C1-8C44D40B44CE</keyObject>
<referredKeyID>7A8DABF9-0936-6548-B3C1-8C44D40B44CE</referredKeyID>
<mandatory>true</mandatory>
<refColNames>id</refColNames>
<transferable>true</transferable>
<rely>false</rely>
<columnDependencyConstraintGenerateInDDL>true</columnDependencyConstraintGenerateInDDL>
</FKIndexAssociation>