<?xml version = '1.0' encoding = 'UTF-8'?>
<FKIndexAssociation class="oracle.dbtools.crest.model.design.relational.FKIndexAssociation" directorySegmentName="seg_0" id="33C1AB28-0374-5B49-7B3F-232DDB19C669" containerWithKeyObject="B241EF74-D981-5095-3E87-350E851CFFA5" localFKIndex="A2B1CD9C-29FA-95F9-6DC4-6BA6C725329C" name="Venda_Cliente_FK">
<createdBy>Caio</createdBy>
<createdTime>2020-05-28 22:45:20 UTC</createdTime>
<ownerDesignName>modelo relacional</ownerDesignName>
<referredTableLongName>Cliente</referredTableLongName>
<deleteRule>NO ACTION</deleteRule>
<referredTableID>4BFC42CA-067D-469C-C28B-17828F2F04D3</referredTableID>
<keyObject>7A8DABF9-0936-6548-B3C1-8C44D40B44CE</keyObject>
<referredKeyID>7A8DABF9-0936-6548-B3C1-8C44D40B44CE</referredKeyID>
<mandatory>true</mandatory>
<refColNames>id</refColNames>
<transferable>true</transferable>
<rely>false</rely>
<columnDependencyConstraintGenerateInDDL>true</columnDependencyConstraintGenerateInDDL>
</FKIndexAssociation>