<?xml version = '1.0' encoding = 'UTF-8'?>
<FKIndexAssociation class="oracle.dbtools.crest.model.design.relational.FKIndexAssociation" directorySegmentName="seg_0" id="56A3B724-032D-7F0E-930E-5875F7F4C533" containerWithKeyObject="1BEBCE55-783A-EEA6-A168-7469089095B9" localFKIndex="18A605B6-6171-1C38-B2CD-0719A3C52DDD" name="Atendimento_Cliente_FK">
<createdBy>Caio</createdBy>
<createdTime>2020-05-28 22:44:30 UTC</createdTime>
<ownerDesignName>modelo relacional</ownerDesignName>
<referredTableLongName>Cliente</referredTableLongName>
<deleteRule>NO ACTION</deleteRule>
<referredTableID>4BFC42CA-067D-469C-C28B-17828F2F04D3</referredTableID>
<keyObject>7A8DABF9-0936-6548-B3C1-8C44D40B44CE</keyObject>
<referredKeyID>7A8DABF9-0936-6548-B3C1-8C44D40B44CE</referredKeyID>
<mandatory>true</mandatory>
<refColNames>id</refColNames>
<transferable>true</transferable>
<rely>false</rely>
<columnDependencyConstraintGenerateInDDL>true</columnDependencyConstraintGenerateInDDL>
</FKIndexAssociation>