<?xml version = '1.0' encoding = 'UTF-8'?>
<FKIndexAssociation class="oracle.dbtools.crest.model.design.relational.FKIndexAssociation" directorySegmentName="seg_0" id="964F532F-43BC-060B-CCCA-36CCCB508703" containerWithKeyObject="789EF2AB-9259-9745-E013-3FDF15F794DF" localFKIndex="27851D95-34E4-A055-567E-B9BA7CB7D62B" name="Atendente_Funcionario_FK">
<createdBy>Caio</createdBy>
<createdTime>2020-05-28 22:41:15 UTC</createdTime>
<ownerDesignName>modelo relacional</ownerDesignName>
<referredTableLongName>Funcionario</referredTableLongName>
<deleteRule>NO ACTION</deleteRule>
<referredTableID>3FE1CC9E-6805-622B-FAAF-8670F3BF0156</referredTableID>
<keyObject>9E0FC7F6-6959-5FB9-A584-BC7BDC810B02</keyObject>
<referredKeyID>9E0FC7F6-6959-5FB9-A584-BC7BDC810B02</referredKeyID>
<mandatory>true</mandatory>
<refColNames>id</refColNames>
<transferable>true</transferable>
<rely>false</rely>
<columnDependencyConstraintGenerateInDDL>true</columnDependencyConstraintGenerateInDDL>
</FKIndexAssociation>