<?xml version = '1.0' encoding = 'UTF-8'?>
<Table class="oracle.dbtools.crest.model.design.relational.Table" directorySegmentName="seg_0" id="1BEBCE55-783A-EEA6-A168-7469089095B9" name="Atendimento">
<createdBy>Caio</createdBy>
<createdTime>2020-05-28 22:20:05 UTC</createdTime>
<ownerDesignName>modelo relacional</ownerDesignName>
<ordsAlias>table_9</ordsAlias>
<allowColumnReorder>false</allowColumnReorder>
<existDependencyGenerateInDDl>true</existDependencyGenerateInDDl>
<parsed>true</parsed>
<columns itemClass="oracle.dbtools.crest.model.design.relational.Column">
<Column name="id" id="2C5842F1-7506-2B06-A77F-56FE6DCC34B2">
<createdBy>Caio</createdBy>
<createdTime>2020-05-28 22:20:28 UTC</createdTime>
<ownerDesignName>modelo relacional</ownerDesignName>
<useDomainConstraints>false</useDomainConstraints>
<use>1</use>
<logicalDatatype>LOGDT011</logicalDatatype>
<ownDataTypeParameters>,,</ownDataTypeParameters>
<autoIncrementCycle>false</autoIncrementCycle>
</Column>
<Column name="descricao" id="E91ADCE1-AB32-FEC5-2CA8-2578FE0196E1">
<createdBy>Caio</createdBy>
<createdTime>2020-05-28 22:20:40 UTC</createdTime>
<ownerDesignName>modelo relacional</ownerDesignName>
<useDomainConstraints>false</useDomainConstraints>
<use>1</use>
<logicalDatatype>LOGDT024</logicalDatatype>
<ownDataTypeParameters>,,</ownDataTypeParameters>
<autoIncrementCycle>false</autoIncrementCycle>
</Column>
<Column name="data" id="48E29870-9068-6DC1-5207-260A8E8CC4F2">
<createdBy>Caio</createdBy>
<createdTime>2020-05-28 22:20:56 UTC</createdTime>
<ownerDesignName>modelo relacional</ownerDesignName>
<useDomainConstraints>false</useDomainConstraints>
<use>1</use>
<logicalDatatype>LOGDT008</logicalDatatype>
<ownDataTypeParameters>,,</ownDataTypeParameters>
<autoIncrementCycle>false</autoIncrementCycle>
</Column>
<Column name="avaliacao" id="AE75B498-189F-D0F1-595A-6FE168FA676F">
<createdBy>Caio</createdBy>
<createdTime>2020-05-28 22:21:14 UTC</createdTime>
<ownerDesignName>modelo relacional</ownerDesignName>
<nullsAllowed>true</nullsAllowed>
<useDomainConstraints>false</useDomainConstraints>
<use>1</use>
<logicalDatatype>LOGDT024</logicalDatatype>
<ownDataTypeParameters>,,</ownDataTypeParameters>
<autoIncrementCycle>false</autoIncrementCycle>
</Column>
<Column name="Atendente_Funcionario_id" id="7AAB4668-9DE1-3A85-8093-AE61CBC796AB">
<createdBy>Caio</createdBy>
<createdTime>2020-05-28 22:44:02 UTC</createdTime>
<ownerDesignName>modelo relacional</ownerDesignName>
<useDomainConstraints>false</useDomainConstraints>
<use>1</use>
<logicalDatatype>LOGDT011</logicalDatatype>
<ownDataTypeParameters>,,</ownDataTypeParameters>
<previousColumn>false</previousColumn>
<autoIncrementCycle>false</autoIncrementCycle>
<associations>
<colAssociation fkAssociation="3E4E7E08-13F3-0DD4-97A8-F03666B64F41" referredColumn="F21E68E1-EF37-6D21-374E-C7A0C09C7D9C"/>
</associations>
</Column>
<Column name="Cliente_id" id="F2D192FA-A10C-4A9A-D2DC-CFD0A02C8593">
<createdBy>Caio</createdBy>
<createdTime>2020-05-28 22:44:30 UTC</createdTime>
<ownerDesignName>modelo relacional</ownerDesignName>
<useDomainConstraints>false</useDomainConstraints>
<use>1</use>
<logicalDatatype>LOGDT011</logicalDatatype>
<ownDataTypeParameters>,,</ownDataTypeParameters>
<previousColumn>false</previousColumn>
<autoIncrementCycle>false</autoIncrementCycle>
<associations>
<colAssociation fkAssociation="56A3B724-032D-7F0E-930E-5875F7F4C533" referredColumn="F1AC7AB5-C09A-A044-5985-6CF08864DCAE"/>
</associations>
</Column>
</columns>
<indexes itemClass="oracle.dbtools.crest.model.design.relational.Index">
<ind_PK_UK id="A2C9441C-5FFD-D91C-00FF-09EBAF5070A5" name="Atendimento_PK">
<createdBy>Caio</createdBy>
<createdTime>2020-05-28 22:20:28 UTC</createdTime>
<ownerDesignName>modelo relacional</ownerDesignName>
<pk>true</pk>
<indexState>Primary Constraint</indexState>
<isSurrogateKey>false</isSurrogateKey>
<indexColumnUsage>
<colUsage columnID="2C5842F1-7506-2B06-A77F-56FE6DCC34B2"/>
</indexColumnUsage>
</ind_PK_UK>
<ind_PK_UK id="58048CFA-AE40-41F6-B844-A89A40DF0C23" name="Atendimento_Atendente_FK">
<createdBy>Caio</createdBy>
<createdTime>2020-05-28 22:44:02 UTC</createdTime>
<ownerDesignName>modelo relacional</ownerDesignName>
<indexState>Foreign Key</indexState>
<isSurrogateKey>false</isSurrogateKey>
<indexColumnUsage>
<colUsage columnID="7AAB4668-9DE1-3A85-8093-AE61CBC796AB"/>
</indexColumnUsage>
</ind_PK_UK>
<ind_PK_UK id="18A605B6-6171-1C38-B2CD-0719A3C52DDD" name="Atendimento_Cliente_FK">
<createdBy>Caio</createdBy>
<createdTime>2020-05-28 22:44:30 UTC</createdTime>
<ownerDesignName>modelo relacional</ownerDesignName>
<indexState>Foreign Key</indexState>
<isSurrogateKey>false</isSurrogateKey>
<indexColumnUsage>
<colUsage columnID="F2D192FA-A10C-4A9A-D2DC-CFD0A02C8593"/>
</indexColumnUsage>
</ind_PK_UK>
</indexes>
</Table>