<?xml version = '1.0' encoding = 'UTF-8'?>
<Table class="oracle.dbtools.crest.model.design.relational.Table" directorySegmentName="seg_0" id="5B60481C-396E-83D5-DD49-23A374B3371D" name="Filial ">
<createdBy>Caio</createdBy>
<createdTime>2020-05-28 22:13:22 UTC</createdTime>
<ownerDesignName>modelo relacional</ownerDesignName>
<ordsAlias>table_3</ordsAlias>
<allowColumnReorder>false</allowColumnReorder>
<existDependencyGenerateInDDl>true</existDependencyGenerateInDDl>
<parsed>true</parsed>
<columns itemClass="oracle.dbtools.crest.model.design.relational.Column">
<Column name="id" id="BC5390AB-A0CA-422C-91CA-133079CD65EF">
<createdBy>Caio</createdBy>
<createdTime>2020-05-28 22:13:59 UTC</createdTime>
<ownerDesignName>modelo relacional</ownerDesignName>
<useDomainConstraints>false</useDomainConstraints>
<use>1</use>
<logicalDatatype>LOGDT011</logicalDatatype>
<ownDataTypeParameters>,,</ownDataTypeParameters>
<autoIncrementCycle>false</autoIncrementCycle>
</Column>
<Column name="CNPJ" id="DCFB201B-9255-064E-13B7-6F77FE1E59C5">
<createdBy>Caio</createdBy>
<createdTime>2020-05-28 22:14:49 UTC</createdTime>
<ownerDesignName>modelo relacional</ownerDesignName>
<useDomainConstraints>false</useDomainConstraints>
<use>1</use>
<logicalDatatype>LOGDT024</logicalDatatype>
<ownDataTypeParameters>,,</ownDataTypeParameters>
<autoIncrementCycle>false</autoIncrementCycle>
</Column>
<Column name="Cidade" id="CF5AF479-B111-0512-4FE1-CCDC6B946A73">
<createdBy>Caio</createdBy>
<createdTime>2020-05-28 22:15:00 UTC</createdTime>
<ownerDesignName>modelo relacional</ownerDesignName>
<useDomainConstraints>false</useDomainConstraints>
<use>1</use>
<logicalDatatype>LOGDT024</logicalDatatype>
<ownDataTypeParameters>,,</ownDataTypeParameters>
<autoIncrementCycle>false</autoIncrementCycle>
</Column>
<Column name="Contato" id="EFFC6AA5-4AA8-CD85-FFA6-98D054925422">
<createdBy>Caio</createdBy>
<createdTime>2020-05-28 22:15:08 UTC</createdTime>
<ownerDesignName>modelo relacional</ownerDesignName>
<useDomainConstraints>false</useDomainConstraints>
<use>1</use>
<logicalDatatype>LOGDT024</logicalDatatype>
<ownDataTypeParameters>,,</ownDataTypeParameters>
<autoIncrementCycle>false</autoIncrementCycle>
</Column>
</columns>
<indexes itemClass="oracle.dbtools.crest.model.design.relational.Index">
<ind_PK_UK id="8454B30C-1426-337D-0F07-DEAA45149986" name="Filial_PK">
<createdBy>Caio</createdBy>
<createdTime>2020-05-28 22:13:59 UTC</createdTime>
<ownerDesignName>modelo relacional</ownerDesignName>
<pk>true</pk>
<indexState>Primary Constraint</indexState>
<isSurrogateKey>false</isSurrogateKey>
<indexColumnUsage>
<colUsage columnID="BC5390AB-A0CA-422C-91CA-133079CD65EF"/>
</indexColumnUsage>
</ind_PK_UK>
<ind_PK_UK id="9461B188-0A3B-47AB-7C88-AA47A354B4DE" name="Filial __UN">
<createdBy>Caio</createdBy>
<createdTime>2020-05-28 22:52:32 UTC</createdTime>
<ownerDesignName>modelo relacional</ownerDesignName>
<indexState>Unique Constraint</indexState>
<isSurrogateKey>false</isSurrogateKey>
<indexColumnUsage>
<colUsage columnID="DCFB201B-9255-064E-13B7-6F77FE1E59C5"/>
</indexColumnUsage>
</ind_PK_UK>
</indexes>
</Table>