<?xml version = '1.0' encoding = 'UTF-8'?>
<Table class="oracle.dbtools.crest.model.design.relational.Table" directorySegmentName="seg_0" id="B241EF74-D981-5095-3E87-350E851CFFA5" name="Venda">
<createdBy>Caio</createdBy>
<createdTime>2020-05-28 22:21:21 UTC</createdTime>
<ownerDesignName>modelo relacional</ownerDesignName>
<ordsAlias>table_10</ordsAlias>
<allowColumnReorder>false</allowColumnReorder>
<existDependencyGenerateInDDl>true</existDependencyGenerateInDDl>
<parsed>true</parsed>
<columns itemClass="oracle.dbtools.crest.model.design.relational.Column">
<Column name="id" id="3D51CEB4-0D0C-8023-EF23-BFEF7F0C286B">
<createdBy>Caio</createdBy>
<createdTime>2020-05-28 22:21:57 UTC</createdTime>
<ownerDesignName>modelo relacional</ownerDesignName>
<useDomainConstraints>false</useDomainConstraints>
<use>1</use>
<logicalDatatype>LOGDT011</logicalDatatype>
<ownDataTypeParameters>,,</ownDataTypeParameters>
<autoIncrementCycle>false</autoIncrementCycle>
</Column>
<Column name="data" id="E455B057-8848-72D7-2A16-20F2F03DA1EB">
<createdBy>Caio</createdBy>
<createdTime>2020-05-28 22:22:04 UTC</createdTime>
<ownerDesignName>modelo relacional</ownerDesignName>
<useDomainConstraints>false</useDomainConstraints>
<use>1</use>
<logicalDatatype>LOGDT008</logicalDatatype>
<ownDataTypeParameters>,,</ownDataTypeParameters>
<autoIncrementCycle>false</autoIncrementCycle>
</Column>
<Column name="total" id="8346A9B6-787A-3BA7-CEB2-511CDB57C61F">
<createdBy>Caio</createdBy>
<createdTime>2020-05-28 22:22:16 UTC</createdTime>
<ownerDesignName>modelo relacional</ownerDesignName>
<useDomainConstraints>false</useDomainConstraints>
<use>1</use>
<logicalDatatype>LOGDT022</logicalDatatype>
<ownDataTypeParameters>,,</ownDataTypeParameters>
<autoIncrementCycle>false</autoIncrementCycle>
</Column>
<Column name="nota_fiscal" id="948803ED-F4EC-30B6-5072-0D170286B2DB">
<createdBy>Caio</createdBy>
<createdTime>2020-05-28 22:22:30 UTC</createdTime>
<ownerDesignName>modelo relacional</ownerDesignName>
<useDomainConstraints>false</useDomainConstraints>
<use>1</use>
<logicalDatatype>LOGDT011</logicalDatatype>
<ownDataTypeParameters>,,</ownDataTypeParameters>
<autoIncrementCycle>false</autoIncrementCycle>
</Column>
<Column name="Cliente_id" id="A0D1E854-2E40-F6D7-8C7E-32BE6CC92602">
<createdBy>Caio</createdBy>
<createdTime>2020-05-28 22:45:20 UTC</createdTime>
<ownerDesignName>modelo relacional</ownerDesignName>
<useDomainConstraints>false</useDomainConstraints>
<use>1</use>
<logicalDatatype>LOGDT011</logicalDatatype>
<ownDataTypeParameters>,,</ownDataTypeParameters>
<previousColumn>false</previousColumn>
<autoIncrementCycle>false</autoIncrementCycle>
<associations>
<colAssociation fkAssociation="33C1AB28-0374-5B49-7B3F-232DDB19C669" referredColumn="F1AC7AB5-C09A-A044-5985-6CF08864DCAE"/>
</associations>
</Column>
<Column name="Vendedor_Funcionario_id" id="FA68392B-42E6-E0C3-4753-EF8079960B50">
<createdBy>Caio</createdBy>
<createdTime>2020-05-28 22:46:45 UTC</createdTime>
<ownerDesignName>modelo relacional</ownerDesignName>
<useDomainConstraints>false</useDomainConstraints>
<use>1</use>
<logicalDatatype>LOGDT011</logicalDatatype>
<ownDataTypeParameters>,,</ownDataTypeParameters>
<previousColumn>false</previousColumn>
<autoIncrementCycle>false</autoIncrementCycle>
<associations>
<colAssociation fkAssociation="881797DE-CD8F-A80A-D7FE-7CD8BFBADAFC" referredColumn="6FD3FD70-6AFC-CA7D-2100-2D042BACA38E"/>
</associations>
</Column>
</columns>
<indexes itemClass="oracle.dbtools.crest.model.design.relational.Index">
<ind_PK_UK id="8BFBBF07-1682-B17D-4B5B-756670ED31D3" name="Venda_PK">
<createdBy>Caio</createdBy>
<createdTime>2020-05-28 22:21:57 UTC</createdTime>
<ownerDesignName>modelo relacional</ownerDesignName>
<pk>true</pk>
<indexState>Primary Constraint</indexState>
<isSurrogateKey>false</isSurrogateKey>
<indexColumnUsage>
<colUsage columnID="3D51CEB4-0D0C-8023-EF23-BFEF7F0C286B"/>
</indexColumnUsage>
</ind_PK_UK>
<ind_PK_UK id="A2B1CD9C-29FA-95F9-6DC4-6BA6C725329C" name="Venda_Cliente_FK">
<createdBy>Caio</createdBy>
<createdTime>2020-05-28 22:45:20 UTC</createdTime>
<ownerDesignName>modelo relacional</ownerDesignName>
<indexState>Foreign Key</indexState>
<isSurrogateKey>false</isSurrogateKey>
<indexColumnUsage>
<colUsage columnID="A0D1E854-2E40-F6D7-8C7E-32BE6CC92602"/>
</indexColumnUsage>
</ind_PK_UK>
<ind_PK_UK id="2B5BE220-F4B8-A2F5-5909-0AE8410F6828" name="Venda_Vendedor_FK">
<createdBy>Caio</createdBy>
<createdTime>2020-05-28 22:46:45 UTC</createdTime>
<ownerDesignName>modelo relacional</ownerDesignName>
<indexState>Foreign Key</indexState>
<isSurrogateKey>false</isSurrogateKey>
<indexColumnUsage>
<colUsage columnID="FA68392B-42E6-E0C3-4753-EF8079960B50"/>
</indexColumnUsage>
</ind_PK_UK>
</indexes>
</Table>