<?xml version = '1.0' encoding = 'UTF-8'?>
<Table class="oracle.dbtools.crest.model.design.relational.Table" directorySegmentName="seg_0" id="D10B2177-6287-0E38-BF80-0D0E72477F4A" name="item">
<createdBy>Caio</createdBy>
<createdTime>2020-05-28 22:24:22 UTC</createdTime>
<ownerDesignName>modelo relacional</ownerDesignName>
<ordsAlias>table_12</ordsAlias>
<allowColumnReorder>false</allowColumnReorder>
<existDependencyGenerateInDDl>true</existDependencyGenerateInDDl>
<parsed>true</parsed>
<columns itemClass="oracle.dbtools.crest.model.design.relational.Column">
<Column name="id" id="3812F267-2B66-5DF6-D435-00D3DB596567">
<createdBy>Caio</createdBy>
<createdTime>2020-05-28 22:50:19 UTC</createdTime>
<ownerDesignName>modelo relacional</ownerDesignName>
<useDomainConstraints>false</useDomainConstraints>
<use>1</use>
<logicalDatatype>LOGDT011</logicalDatatype>
<ownDataTypeParameters>,,</ownDataTypeParameters>
<autoIncrementCycle>false</autoIncrementCycle>
</Column>
<Column name="quantidade" id="033E72D8-903E-53B3-5438-D0B4A45D0ED6">
<createdBy>Caio</createdBy>
<createdTime>2020-05-28 22:25:19 UTC</createdTime>
<ownerDesignName>modelo relacional</ownerDesignName>
<useDomainConstraints>false</useDomainConstraints>
<use>1</use>
<logicalDatatype>LOGDT011</logicalDatatype>
<ownDataTypeParameters>,,</ownDataTypeParameters>
<autoIncrementCycle>false</autoIncrementCycle>
</Column>
<Column name="Venda_id" id="61EDB39B-CA0B-9A67-644F-A787BBE6614F">
<createdBy>Caio</createdBy>
<createdTime>2020-05-28 22:49:24 UTC</createdTime>
<ownerDesignName>modelo relacional</ownerDesignName>
<useDomainConstraints>false</useDomainConstraints>
<use>1</use>
<logicalDatatype>LOGDT011</logicalDatatype>
<ownDataTypeParameters>,,</ownDataTypeParameters>
<previousColumn>false</previousColumn>
<autoIncrementCycle>false</autoIncrementCycle>
<associations>
<colAssociation fkAssociation="0397DE65-6FF9-C3CF-6663-3619B85DE73B" referredColumn="3D51CEB4-0D0C-8023-EF23-BFEF7F0C286B"/>
</associations>
</Column>
<Column name="Produto_id" id="7046F20D-4D32-2970-3D44-57B78CA29622">
<createdBy>Caio</createdBy>
<createdTime>2020-05-28 22:49:31 UTC</createdTime>
<ownerDesignName>modelo relacional</ownerDesignName>
<useDomainConstraints>false</useDomainConstraints>
<use>1</use>
<logicalDatatype>LOGDT011</logicalDatatype>
<ownDataTypeParameters>,,</ownDataTypeParameters>
<previousColumn>false</previousColumn>
<autoIncrementCycle>false</autoIncrementCycle>
<associations>
<colAssociation fkAssociation="C8EC1EFC-56CB-D08D-9B58-C65B2B829BB6" referredColumn="548E6479-ABDF-ADE9-F16E-5FD982598F2F"/>
</associations>
</Column>
</columns>
<indexes itemClass="oracle.dbtools.crest.model.design.relational.Index">
<ind_PK_UK id="78B32D36-C1D3-0D3C-E298-90B6BA9DAEED" name="item_PK">
<createdBy>Caio</createdBy>
<createdTime>2020-05-28 22:50:19 UTC</createdTime>
<ownerDesignName>modelo relacional</ownerDesignName>
<pk>true</pk>
<indexState>Primary Constraint</indexState>
<isSurrogateKey>false</isSurrogateKey>
<indexColumnUsage>
<colUsage columnID="3812F267-2B66-5DF6-D435-00D3DB596567"/>
</indexColumnUsage>
</ind_PK_UK>
<ind_PK_UK id="8464A158-F3F3-1B6F-9E0D-6C13A52787CC" name="item_Venda_FK">
<createdBy>Caio</createdBy>
<createdTime>2020-05-28 22:49:24 UTC</createdTime>
<ownerDesignName>modelo relacional</ownerDesignName>
<indexState>Foreign Key</indexState>
<isSurrogateKey>false</isSurrogateKey>
<indexColumnUsage>
<colUsage columnID="61EDB39B-CA0B-9A67-644F-A787BBE6614F"/>
</indexColumnUsage>
</ind_PK_UK>
<ind_PK_UK id="03BDCA63-DDA2-CFA4-8A2C-1A99EA583C0A" name="item_Produto_FK">
<createdBy>Caio</createdBy>
<createdTime>2020-05-28 22:49:31 UTC</createdTime>
<ownerDesignName>modelo relacional</ownerDesignName>
<indexState>Foreign Key</indexState>
<isSurrogateKey>false</isSurrogateKey>
<indexColumnUsage>
<colUsage columnID="7046F20D-4D32-2970-3D44-57B78CA29622"/>
</indexColumnUsage>
</ind_PK_UK>
</indexes>
</Table>