<?xml version = '1.0' encoding = 'UTF-8'?>
<Relation class="oracle.dbtools.crest.model.design.logical.Relation" name="Relation_8" directorySegmentName="seg_0" id="5BB218DE-1D53-84F7-6E0B-D24741A1EAEB">
<createdBy>mathe</createdBy>
<createdTime>2020-04-03 23:06:25 UTC</createdTime>
<ownerDesignName>Modelo Conceitual</ownerDesignName>
<engineerTo>
<item key="7CA36C67-07A7-A0B9-1D3A-4FA04936570D" value="true"/>
</engineerTo>
<identifying>true</identifying>
<optionalSource>true</optionalSource>
<optionalTarget>false</optionalTarget>
<sourceCardinality>1</sourceCardinality>
<sourceEntity>94B69D94-D1B3-7AAB-170F-87DEC6E2907D</sourceEntity>
<targetCardinalityString>*</targetCardinalityString>
<targetEntity>3C041F7F-903F-D840-254A-FE0898A41974</targetEntity>
<transferable>true</transferable>
<deleteRule>NO ACTION</deleteRule>
</Relation>