<?xml version = '1.0' encoding = 'UTF-8'?>
<Relation class="oracle.dbtools.crest.model.design.logical.Relation" name="Relation_3" directorySegmentName="seg_0" id="7FD28AC6-23D4-39A9-453A-2E0B05C51378">
<createdBy>mathe</createdBy>
<createdTime>2020-04-03 23:02:26 UTC</createdTime>
<ownerDesignName>Modelo Conceitual</ownerDesignName>
<engineerTo>
<item key="7CA36C67-07A7-A0B9-1D3A-4FA04936570D" value="true"/>
</engineerTo>
<identifying>true</identifying>
<optionalSource>true</optionalSource>
<optionalTarget>false</optionalTarget>
<sourceCardinality>1</sourceCardinality>
<sourceEntity>BA56A449-60ED-6D9E-EB55-CDDB5021B00A</sourceEntity>
<targetCardinalityString>*</targetCardinalityString>
<targetEntity>D3F5EC01-3020-2AFC-EBC6-937DEAD93A89</targetEntity>
<transferable>true</transferable>
<deleteRule>NO ACTION</deleteRule>
</Relation>