<?xml version = '1.0' encoding = 'UTF-8'?>
<Relation class="oracle.dbtools.crest.model.design.logical.Relation" name="Relation_2" directorySegmentName="seg_0" id="E79A88E3-10BF-0EAF-4AC2-8991763CE983">
<createdBy>mathe</createdBy>
<createdTime>2020-04-03 23:01:21 UTC</createdTime>
<ownerDesignName>Modelo Conceitual</ownerDesignName>
<engineerTo>
<item key="7CA36C67-07A7-A0B9-1D3A-4FA04936570D" value="true"/>
</engineerTo>
<identifying>true</identifying>
<optionalSource>true</optionalSource>
<optionalTarget>false</optionalTarget>
<sourceCardinality>1</sourceCardinality>
<sourceEntity>E4841057-CE4E-8E40-DDFA-3F8B3ABCC968</sourceEntity>
<targetCardinalityString>*</targetCardinalityString>
<targetEntity>BA56A449-60ED-6D9E-EB55-CDDB5021B00A</targetEntity>
<transferable>true</transferable>
<deleteRule>NO ACTION</deleteRule>
</Relation>