<?xml version = '1.0' encoding = 'UTF-8'?>
<Entity class="oracle.dbtools.crest.model.design.logical.Entity" directorySegmentName="seg_0" id="1B512D6C-7223-7435-3769-5C8A6CFC67D0" name="Atendimento">
<createdBy>mathe</createdBy>
<createdTime>2020-04-03 22:50:26 UTC</createdTime>
<ownerDesignName>Modelo Logico</ownerDesignName>
<engineerTo>
<item key="7CA36C67-07A7-A0B9-1D3A-4FA04936570D" value="true"/>
</engineerTo>
<adequatelyNormalized>NO</adequatelyNormalized>
<expectedVolumes>0</expectedVolumes>
<fwdEngineeringStrategyName>Single Table</fwdEngineeringStrategyName>
<growthPercent>0</growthPercent>
<growthType>Year</growthType>
<maxVolumes>9999999</maxVolumes>
<minVolumes>0</minVolumes>
<normalForm>Third</normalForm>
<attributes itemClass="oracle.dbtools.crest.model.design.logical.Attribute">
<Attribute name="CPF" id="D217789D-412F-F160-EB5C-190DAE093A3C">
<createdBy>mathe</createdBy>
<createdTime>2020-05-06 01:22:14 UTC</createdTime>
<generatorID>E5F786A4-990A-6687-3A39-9A6273AE9AA3</generatorID>
<ownerDesignName>Modelo Logico</ownerDesignName>
<engineerTo>
<item key="7CA36C67-07A7-A0B9-1D3A-4FA04936570D" value="true"/>
</engineerTo>
<referedAttribute>4131131B-E068-64E7-B886-03FCF80DCE90</referedAttribute>
<useDomainConstraints>false</useDomainConstraints>
<use>1</use>
<logicalDatatype>LOGDT024</logicalDatatype>
<ownDataTypeParameters>,,</ownDataTypeParameters>
</Attribute>
<Attribute name="ID" id="9E60FCEB-267D-1DE8-95CB-3C704E35BCE3">
<createdBy>mathe</createdBy>
<createdTime>2020-05-06 01:26:50 UTC</createdTime>
<generatorID>E5F786A4-990A-6687-3A39-9A6273AE9AA3</generatorID>
<ownerDesignName>Modelo Logico</ownerDesignName>
<engineerTo>
<item key="7CA36C67-07A7-A0B9-1D3A-4FA04936570D" value="true"/>
</engineerTo>
<referedAttribute>631DF6F7-F5CF-F26A-9D33-D3D97679CFE8</referedAttribute>
<useDomainConstraints>false</useDomainConstraints>
<use>1</use>
<logicalDatatype>LOGDT011</logicalDatatype>
<ownDataTypeParameters>,,</ownDataTypeParameters>
</Attribute>
<Attribute name="AVALIAÇAO" id="16BEC361-6506-4ACF-9FE8-9FD6ACAC5EB8">
<createdBy>mathe</createdBy>
<createdTime>2020-05-06 01:56:36 UTC</createdTime>
<ownerDesignName>Modelo Logico</ownerDesignName>
<engineerTo>
<item key="7CA36C67-07A7-A0B9-1D3A-4FA04936570D" value="true"/>
</engineerTo>
<useDomainConstraints>false</useDomainConstraints>
<use>1</use>
<logicalDatatype>LOGDT021</logicalDatatype>
<ownDataTypeParameters>,,</ownDataTypeParameters>
</Attribute>
<Attribute name="DESCRIÇAO" id="19CC6459-E588-CE0A-8111-E75944FDFE1C">
<createdBy>mathe</createdBy>
<createdTime>2020-05-06 01:57:29 UTC</createdTime>
<ownerDesignName>Modelo Logico</ownerDesignName>
<engineerTo>
<item key="7CA36C67-07A7-A0B9-1D3A-4FA04936570D" value="true"/>
</engineerTo>
<useDomainConstraints>false</useDomainConstraints>
<use>1</use>
<logicalDatatype>LOGDT024</logicalDatatype>
<ownDataTypeParameters>,,</ownDataTypeParameters>
</Attribute>
<Attribute name="DATA" id="30E8C84A-2DBB-B5EE-AE0F-E91F57658929">
<createdBy>mathe</createdBy>
<createdTime>2020-05-06 01:58:39 UTC</createdTime>
<ownerDesignName>Modelo Logico</ownerDesignName>
<engineerTo>
<item key="7CA36C67-07A7-A0B9-1D3A-4FA04936570D" value="true"/>
</engineerTo>
<useDomainConstraints>false</useDomainConstraints>
<use>1</use>
<logicalDatatype>LOGDT008</logicalDatatype>
<ownDataTypeParameters>,,</ownDataTypeParameters>
</Attribute>
</attributes>
<identifiers itemClass="oracle.dbtools.crest.model.design.logical.CandidateKey">
<identifier id="F013DBB7-8E4F-07CC-D5E0-D97B6EAA7B1D" name="Atendimento PK">
<createdBy>mathe</createdBy>
<createdTime>2020-05-06 01:19:46 UTC</createdTime>
<ownerDesignName>Modelo Logico</ownerDesignName>
<engineerTo>
<item key="7CA36C67-07A7-A0B9-1D3A-4FA04936570D" value="true"/>
</engineerTo>
<pk>true</pk>
<usedAttributes>
<attributeRef>D217789D-412F-F160-EB5C-190DAE093A3C</attributeRef>
<attributeRef>9E60FCEB-267D-1DE8-95CB-3C704E35BCE3</attributeRef>
</usedAttributes>
</identifier>
</identifiers>
</Entity>