<?xml version = '1.0' encoding = 'UTF-8'?>
<Entity class="oracle.dbtools.crest.model.design.logical.Entity" directorySegmentName="seg_0" id="3C041F7F-903F-D840-254A-FE0898A41974" name="Cliente">
<createdBy>mathe</createdBy>
<createdTime>2020-04-03 22:55:55 UTC</createdTime>
<ownerDesignName>Modelo Logico</ownerDesignName>
<engineerTo>
<item key="7CA36C67-07A7-A0B9-1D3A-4FA04936570D" value="true"/>
</engineerTo>
<adequatelyNormalized>NO</adequatelyNormalized>
<expectedVolumes>0</expectedVolumes>
<fwdEngineeringStrategyName>Single Table</fwdEngineeringStrategyName>
<growthPercent>0</growthPercent>
<growthType>Year</growthType>
<maxVolumes>9999999</maxVolumes>
<minVolumes>0</minVolumes>
<normalForm>Third</normalForm>
<attributes itemClass="oracle.dbtools.crest.model.design.logical.Attribute">
<Attribute name="NOME" id="18DE04CD-81B6-E284-2180-AF5F5EE27916">
<createdBy>mathe</createdBy>
<createdTime>2020-05-06 01:17:13 UTC</createdTime>
<ownerDesignName>Modelo Logico</ownerDesignName>
<engineerTo>
<item key="7CA36C67-07A7-A0B9-1D3A-4FA04936570D" value="true"/>
</engineerTo>
<useDomainConstraints>false</useDomainConstraints>
<use>1</use>
<logicalDatatype>LOGDT024</logicalDatatype>
<ownDataTypeParameters>,,</ownDataTypeParameters>
</Attribute>
<Attribute name="CPF" id="4131131B-E068-64E7-B886-03FCF80DCE90">
<createdBy>mathe</createdBy>
<createdTime>2020-05-06 01:19:28 UTC</createdTime>
<ownerDesignName>Modelo Logico</ownerDesignName>
<engineerTo>
<item key="7CA36C67-07A7-A0B9-1D3A-4FA04936570D" value="true"/>
</engineerTo>
<useDomainConstraints>false</useDomainConstraints>
<use>1</use>
<logicalDatatype>LOGDT024</logicalDatatype>
<ownDataTypeParameters>,,</ownDataTypeParameters>
</Attribute>
<Attribute name="TELEFONE" id="664401D1-A8B9-AF2B-716B-2FC0E93F30C5">
<createdBy>mathe</createdBy>
<createdTime>2020-05-06 01:22:38 UTC</createdTime>
<ownerDesignName>Modelo Logico</ownerDesignName>
<engineerTo>
<item key="7CA36C67-07A7-A0B9-1D3A-4FA04936570D" value="true"/>
</engineerTo>
<nullsAllowed>true</nullsAllowed>
<useDomainConstraints>false</useDomainConstraints>
<use>1</use>
<logicalDatatype>LOGDT011</logicalDatatype>
<ownDataTypeParameters>,,</ownDataTypeParameters>
</Attribute>
<Attribute name="ID" id="631DF6F7-F5CF-F26A-9D33-D3D97679CFE8">
<createdBy>mathe</createdBy>
<createdTime>2020-05-06 01:26:50 UTC</createdTime>
<generatorID>5BB218DE-1D53-84F7-6E0B-D24741A1EAEB</generatorID>
<ownerDesignName>Modelo Logico</ownerDesignName>
<engineerTo>
<item key="7CA36C67-07A7-A0B9-1D3A-4FA04936570D" value="true"/>
</engineerTo>
<referedAttribute>803C0A4C-7892-5003-F459-6A9DF7C29F38</referedAttribute>
<useDomainConstraints>false</useDomainConstraints>
<use>1</use>
<logicalDatatype>LOGDT011</logicalDatatype>
<ownDataTypeParameters>,,</ownDataTypeParameters>
</Attribute>
</attributes>
<identifiers itemClass="oracle.dbtools.crest.model.design.logical.CandidateKey">
<identifier id="18064BEB-756C-83FC-15BA-7189F82746AC" name="Cliente PK">
<createdBy>mathe</createdBy>
<createdTime>2020-05-06 01:19:46 UTC</createdTime>
<ownerDesignName>Modelo Logico</ownerDesignName>
<engineerTo>
<item key="7CA36C67-07A7-A0B9-1D3A-4FA04936570D" value="true"/>
</engineerTo>
<pk>true</pk>
<usedAttributes>
<attributeRef>4131131B-E068-64E7-B886-03FCF80DCE90</attributeRef>
<attributeRef>631DF6F7-F5CF-F26A-9D33-D3D97679CFE8</attributeRef>
</usedAttributes>
</identifier>
</identifiers>
</Entity>