<?xml version = '1.0' encoding = 'UTF-8'?>
<Entity class="oracle.dbtools.crest.model.design.logical.Entity" directorySegmentName="seg_0" id="BA56A449-60ED-6D9E-EB55-CDDB5021B00A" name="Cosulta">
<createdBy>mathe</createdBy>
<createdTime>2020-04-03 22:54:51 UTC</createdTime>
<ownerDesignName>Modelo Logico</ownerDesignName>
<engineerTo>
<item key="7CA36C67-07A7-A0B9-1D3A-4FA04936570D" value="true"/>
</engineerTo>
<adequatelyNormalized>NO</adequatelyNormalized>
<expectedVolumes>0</expectedVolumes>
<fwdEngineeringStrategyName>Single Table</fwdEngineeringStrategyName>
<growthPercent>0</growthPercent>
<growthType>Year</growthType>
<maxVolumes>9999999</maxVolumes>
<minVolumes>0</minVolumes>
<normalForm>Third</normalForm>
<attributes itemClass="oracle.dbtools.crest.model.design.logical.Attribute">
<Attribute name="ID_PRODUTO" id="4ED46852-C9AB-D6DA-E737-24BB36146D21">
<createdBy>mathe</createdBy>
<createdTime>2020-05-06 01:43:52 UTC</createdTime>
<ownerDesignName>Modelo Logico</ownerDesignName>
<engineerTo>
<item key="7CA36C67-07A7-A0B9-1D3A-4FA04936570D" value="true"/>
</engineerTo>
<useDomainConstraints>false</useDomainConstraints>
<use>1</use>
<logicalDatatype>LOGDT011</logicalDatatype>
<ownDataTypeParameters>,,</ownDataTypeParameters>
</Attribute>
<Attribute name="ID" id="30AAA6C2-8148-EA02-A4FE-ED65AFE95BAF">
<createdBy>mathe</createdBy>
<createdTime>2020-05-06 01:52:09 UTC</createdTime>
<generatorID>E79A88E3-10BF-0EAF-4AC2-8991763CE983</generatorID>
<ownerDesignName>Modelo Logico</ownerDesignName>
<engineerTo>
<item key="7CA36C67-07A7-A0B9-1D3A-4FA04936570D" value="true"/>
</engineerTo>
<referedAttribute>FB2A0340-0326-2976-980B-BFFC94D0EF6B</referedAttribute>
<useDomainConstraints>false</useDomainConstraints>
<use>1</use>
<logicalDatatype>LOGDT011</logicalDatatype>
<ownDataTypeParameters>,,</ownDataTypeParameters>
</Attribute>
</attributes>
<identifiers itemClass="oracle.dbtools.crest.model.design.logical.CandidateKey">
<identifier id="97322F71-82EE-B8ED-8446-404CCEB144F7" name="Cosulta PK">
<createdBy>mathe</createdBy>
<createdTime>2020-05-06 01:51:56 UTC</createdTime>
<ownerDesignName>Modelo Logico</ownerDesignName>
<engineerTo>
<item key="7CA36C67-07A7-A0B9-1D3A-4FA04936570D" value="true"/>
</engineerTo>
<pk>true</pk>
<usedAttributes>
<attributeRef>30AAA6C2-8148-EA02-A4FE-ED65AFE95BAF</attributeRef>
</usedAttributes>
</identifier>
</identifiers>
</Entity>