<?xml version = '1.0' encoding = 'UTF-8'?>
<Entity class="oracle.dbtools.crest.model.design.logical.Entity" directorySegmentName="seg_0" id="D3F5EC01-3020-2AFC-EBC6-937DEAD93A89" name="Estoque">
<createdBy>mathe</createdBy>
<createdTime>2020-04-03 22:55:20 UTC</createdTime>
<ownerDesignName>Modelo Logico</ownerDesignName>
<engineerTo>
<item key="7CA36C67-07A7-A0B9-1D3A-4FA04936570D" value="true"/>
</engineerTo>
<adequatelyNormalized>NO</adequatelyNormalized>
<expectedVolumes>0</expectedVolumes>
<fwdEngineeringStrategyName>Single Table</fwdEngineeringStrategyName>
<growthPercent>0</growthPercent>
<growthType>Year</growthType>
<maxVolumes>9999999</maxVolumes>
<minVolumes>0</minVolumes>
<normalForm>Third</normalForm>
<attributes itemClass="oracle.dbtools.crest.model.design.logical.Attribute">
<Attribute name="PRODUTO" id="5183740F-CF9C-ABF0-82DC-DABFDB587E23">
<createdBy>mathe</createdBy>
<createdTime>2020-05-06 01:33:47 UTC</createdTime>
<ownerDesignName>Modelo Logico</ownerDesignName>
<engineerTo>
<item key="7CA36C67-07A7-A0B9-1D3A-4FA04936570D" value="true"/>
</engineerTo>
<useDomainConstraints>false</useDomainConstraints>
<use>1</use>
<logicalDatatype>LOGDT024</logicalDatatype>
<ownDataTypeParameters>,,</ownDataTypeParameters>
</Attribute>
<Attribute name="MODELO" id="F190F267-C3B4-1933-9AC1-833A2BFF4D27">
<createdBy>mathe</createdBy>
<createdTime>2020-05-06 01:36:19 UTC</createdTime>
<ownerDesignName>Modelo Logico</ownerDesignName>
<engineerTo>
<item key="7CA36C67-07A7-A0B9-1D3A-4FA04936570D" value="true"/>
</engineerTo>
<useDomainConstraints>false</useDomainConstraints>
<use>1</use>
<logicalDatatype>LOGDT024</logicalDatatype>
<ownDataTypeParameters>,,</ownDataTypeParameters>
</Attribute>
<Attribute name="QUANTIDADE" id="46000F03-327E-99CD-6E3A-D504828ACACA">
<createdBy>mathe</createdBy>
<createdTime>2020-05-06 01:37:11 UTC</createdTime>
<ownerDesignName>Modelo Logico</ownerDesignName>
<engineerTo>
<item key="7CA36C67-07A7-A0B9-1D3A-4FA04936570D" value="true"/>
</engineerTo>
<useDomainConstraints>false</useDomainConstraints>
<use>1</use>
<logicalDatatype>LOGDT011</logicalDatatype>
<ownDataTypeParameters>,,</ownDataTypeParameters>
</Attribute>
<Attribute name="CAPACIDADE" id="FB14D39A-4D80-9EB8-6457-53B3647EF3E6">
<createdBy>mathe</createdBy>
<createdTime>2020-05-06 01:39:02 UTC</createdTime>
<ownerDesignName>Modelo Logico</ownerDesignName>
<engineerTo>
<item key="7CA36C67-07A7-A0B9-1D3A-4FA04936570D" value="true"/>
</engineerTo>
<useDomainConstraints>false</useDomainConstraints>
<use>1</use>
<logicalDatatype>LOGDT011</logicalDatatype>
<ownDataTypeParameters>,,</ownDataTypeParameters>
</Attribute>
</attributes>
</Entity>