<?xml version = '1.0' encoding = 'UTF-8'?>
<relationalModel class="oracle.dbtools.crest.model.design.relational.RelationalDesign" name="Relational_1" id="7CA36C67-07A7-A0B9-1D3A-4FA04936570D" mainViewID="1A193AB3-7C87-F408-FEB8-3EB9AF9E8858">
<createdBy>mathe</createdBy>
<createdTime>2020-04-03 22:46:47 UTC</createdTime>
<ownerDesignName>Modelo Conceitual</ownerDesignName>
<shouldBeOpen>true</shouldBeOpen>
<selectedRDBMSSite>32076570-2523-435C-2E92-BF29817DFF70</selectedRDBMSSite>
</relationalModel>